<?xml version="1.0" encoding="utf-8" standalone="yes"?>
<rss version="2.0" xmlns:atom="http://www.w3.org/2005/Atom" xmlns:content="http://purl.org/rss/1.0/modules/content/">
  <channel>
    <title>Niuniu&#39;s Blog</title>
    <link>http://localhost:1313/</link>
    <description>Recent content on Niuniu&#39;s Blog</description>
    <generator>Hugo -- 0.148.0</generator>
    <language>zh-cn</language>
    <lastBuildDate>Thu, 10 Jul 2025 16:53:59 +0800</lastBuildDate>
    <atom:link href="http://localhost:1313/index.xml" rel="self" type="application/rss+xml" />
    <item>
      <title>ceshiwenzhang</title>
      <link>http://localhost:1313/posts/myfirst/</link>
      <pubDate>Thu, 10 Jul 2025 16:53:59 +0800</pubDate>
      <guid>http://localhost:1313/posts/myfirst/</guid>
      <description>&lt;p&gt;都是认识的这部分&lt;/p&gt;</description>
    </item>
  </channel>
</rss>
